School ID, School Name, Network, Governance, School Type, Community Area, Total, White, African American, Native American or Alaskan, Hispanic, Multi-Racial, Asian, Hawaiian or Pacific Islander
609772, ADDAMS, ISP, District, Traditional, EAST SIDE, 553, 18, 18, 0, 517, 0, 0, 0
610513, AIR FORCE HS, Network 16, District, Traditional, ARMOUR SQUARE, 142, 7, 79, 0, 54, 0, 1, 1
610212, ALBANY PARK, Network 1, District, Traditional, ALBANY PARK, 221, 12, 11, 2, 186, 1, 9, 0
609774, ALCOTT ES, Network 4, District, Traditional, LINCOLN PARK, 602, 351, 32, 2, 91, 48, 77, 1
610524, ALCOTT HS, Network 15, District, Traditional, NORTH CENTER, 346, 46, 59, 4, 228, 4, 4, 1
609848, ALDRIDGE, Network 13, District, Traditional, RIVERDALE, 234, 0, 226, 0, 8, 0, 0, 0
609695, AMUNDSEN HS, ISP, District, Traditional, LINCOLN SQUARE, 1497, 546, 116, 6, 649, 70, 106, 4
609951, ARIEL, Network 9, District, Traditional, KENWOOD, 354, 1, 342, 0, 9, 2, 0, 0
609777, ARMOUR, ISP, District, Traditional, BRIDGEPORT, 248, 21, 29, 1, 178, 8, 10, 1
609779, ARMSTRONG G, ISP, District, Traditional, WEST RIDGE, 1258, 112, 350, 7, 473, 35, 281, 0
610287, ASHBURN, Network 10, District, Traditional, ASHBURN, 350, 3, 281, 1, 63, 1, 1, 0
610268, ASHE, Network 12, District, Traditional, CHATHAM, 355, 0, 347, 0, 3, 1, 1, 1
609782, AUDUBON, Network 4, District, Traditional, NORTH CENTER, 574, 389, 9, 0, 101, 46, 28, 0
610518, AUSTIN CCA HS, Network 15, District, Traditional, AUSTIN, 167, 2, 157, 0, 8, 0, 0, 0
609786, AVALON PARK, Network 12, District, Traditional, AVALON PARK, 226, 0, 223, 0, 2, 1, 0, 0
610325, AVONDALE-LOGANDALE, Network 4, District, Traditional, AVONDALE, 509, 5, 36, 1, 452, 7, 5, 3
610544, AZUELA, ISP, District, Traditional, WEST LAWN, 709, 7, 8, 4, 687, 2, 1, 0
610563, BACK OF THE YARDS HS, ISP, District, Traditional, NEW CITY, 1004, 5, 17, 5, 961, 0, 16, 0
609788, BARNARD, Network 10, District, Traditional, BEVERLY, 263, 7, 240, 0, 9, 6, 1, 0
609789, BARRY, Network 4, District, Traditional, HERMOSA, 440, 8, 16, 3, 411, 0, 2, 0
609790, BARTON, Network 11, District, Traditional, AUBURN GRESHAM, 384, 1, 349, 0, 32, 2, 0, 0
609791, BASS, Network 11, District, Traditional, ENGLEWOOD, 347, 1, 331, 0, 14, 0, 0, 0
609792, BATEMAN, Network 1, District, Traditional, IRVING PARK, 891, 170, 19, 4, 637, 21, 38, 2
610083, BEARD, Network 1, District, Specialty, NORWOOD PARK, 249, 96, 17, 0, 109, 8, 18, 1
610246, BEASLEY, Network 9, District, Traditional, WASHINGTON PARK, 1064, 0, 1030, 2, 16, 4, 0, 2
609796, BEAUBIEN, Network 1, District, Traditional, JEFFERSON PARK, 960, 350, 35, 0, 332, 64, 166, 6
610237, BEETHOVEN, Network 9, District, Traditional, GRAND BOULEVARD, 264, 0, 256, 2, 5, 1, 0, 0
609797, BEIDLER, Network 5, District, Traditional, EAST GARFIELD PARK, 260, 0, 248, 0, 12, 0, 0, 0
609798, BELDING, Network 1, District, Traditional, IRVING PARK, 550, 271, 30, 5, 194, 20, 27, 3
609799, BELL, Network 4, District, Traditional, NORTH CENTER, 885, 490, 18, 0, 159, 101, 113, 3
609922, BELMONT-CRAGIN, Network 3, District, Traditional, BELMONT CRAGIN, 491, 5, 8, 2, 471, 0, 3, 0
609800, BENNETT, Network 13, District, Traditional, ROSELAND, 267, 0, 262, 0, 2, 2, 0, 1
610350, BLACK, Network 12, District, Traditional, CALUMET HEIGHTS, 399, 0, 389, 0, 8, 2, 0, 0
609803, BLAINE, Network 4, District, Traditional, LAKE VIEW, 634, 421, 19, 0, 98, 56, 38, 2
610087, BLAIR, Network 10, District, Specialty, CLEARING, 228, 39, 16, 0, 170, 1, 1, 1
609698, BOGAN HS, Network 16, District, Traditional, ASHBURN, 641, 7, 369, 1, 259, 4, 0, 1
610238, BOND, Network 11, District, Traditional, ENGLEWOOD, 226, 0, 214, 0, 12, 0, 0, 0
609804, BOONE, Network 2, District, Traditional, WEST RIDGE, 714, 92, 73, 4, 289, 10, 246, 0
609815, BOUCHET, Network 12, District, Traditional, SOUTH SHORE, 597, 2, 578, 2, 12, 1, 0, 0
610323, BOWEN HS, Network 17, District, Traditional, SOUTH CHICAGO, 197, 5, 148, 0, 41, 3, 0, 0
609806, BRADWELL, Network 12, District, Traditional, SOUTH SHORE, 420, 0, 408, 0, 9, 3, 0, 0
610242, BRENNEMANN, Network 2, District, Traditional, UPTOWN, 434, 30, 236, 4, 107, 13, 17, 0
609809, BRENTANO, Network 4, District, Traditional, LOGAN SQUARE, 691, 247, 34, 1, 347, 49, 10, 2
609810, BRIDGE, Network 1, District, Traditional, DUNNING, 1085, 381, 22, 2, 609, 21, 48, 2
609811, BRIGHT, Network 13, District, Traditional, SOUTH DEERING, 228, 3, 154, 0, 71, 0, 0, 0
610317, BRIGHTON PARK, Network 8, District, Traditional, BRIGHTON PARK, 277, 8, 3, 2, 259, 1, 4, 0
610590, BRONZEVILLE CLASSICAL, Network 9, District, Traditional, GRAND BOULEVARD, 395, 21, 291, 1, 21, 28, 33, 0
610381, BRONZEVILLE HS, Network 17, District, Traditional, GRAND BOULEVARD, 73, 1, 67, 0, 4, 0, 0, 1
609726, BROOKS HS, ISP, District, Traditional, ROSELAND, 977, 10, 770, 1, 180, 7, 2, 2
610091, BROWN R, Network 13, District, Traditional, WEST PULLMAN, 292, 0, 289, 1, 1, 0, 0, 0
609812, BROWN W, Network 6, District, Traditional, NEAR WEST SIDE, 209, 2, 192, 0, 13, 1, 1, 0
609813, BROWNELL, Network 12, District, Traditional, GREATER GRAND CROSSING, 135, 1, 131, 0, 1, 2, 0, 0
609830, BRUNSON, Network 3, District, Traditional, AUSTIN, 420, 2, 356, 2, 58, 1, 0, 1
609817, BUDLONG, ISP, District, Traditional, LINCOLN SQUARE, 675, 223, 40, 5, 264, 27, 112, 0
609818, BURBANK, Network 3, District, Traditional, BELMONT CRAGIN, 698, 13, 34, 4, 641, 2, 4, 0
609819, BURKE, Network 9, District, Traditional, WASHINGTON PARK, 280, 4, 261, 0, 10, 5, 0, 0
609820, BURLEY, ISP, District, Traditional, LAKE VIEW, 493, 312, 7, 0, 82, 31, 61, 0
609821, BURNHAM, Network 13, District, Traditional, SOUTH DEERING, 429, 1, 408, 1, 17, 2, 0, 0
609827, BURNSIDE, Network 12, District, Traditional, CHATHAM, 308, 0, 301, 0, 5, 1, 0, 0
609828, BURR, Network 6, District, Traditional, WEST TOWN, 479, 194, 43, 1, 168, 46, 27, 0
609829, BURROUGHS, Network 8, District, Traditional, BRIGHTON PARK, 320, 9, 11, 0, 293, 0, 7, 0
609832, BYRNE, Network 10, District, Traditional, GARFIELD RIDGE, 614, 162, 19, 2, 425, 5, 0, 1
609833, CALDWELL, ISP, District, Traditional, AVALON PARK, 205, 0, 205, 0, 0, 0, 0, 0
610353, CALMECA, Network 8, District, Traditional, BRIGHTON PARK, 614, 4, 7, 1, 600, 0, 2, 0
609835, CAMERON, Network 5, District, Traditional, HUMBOLDT PARK, 565, 3, 135, 1, 422, 3, 1, 0
610539, CAMRAS, ISP, District, Traditional, BELMONT CRAGIN, 775, 37, 13, 1, 703, 7, 12, 2
609836, CANTY, Network 1, District, Traditional, DUNNING, 797, 334, 17, 2, 406, 12, 23, 0
610024, CARDENAS, ISP, District, Traditional, SOUTH LAWNDALE, 818, 6, 25, 0, 784, 2, 1, 0
609837, CARNEGIE, Network 9, District, Traditional, WOODLAWN, 439, 3, 423, 0, 8, 3, 2, 0
609839, CARROLL, Network 10, District, Traditional, ASHBURN, 417, 7, 345, 1, 61, 3, 0, 0
609842, CARSON, ISP, District, Traditional, GAGE PARK, 791, 2, 22, 2, 762, 2, 1, 0
609844, CARTER, Network 9, District, Traditional, WASHINGTON PARK, 295, 0, 278, 0, 8, 9, 0, 0
609845, CARVER G, Network 13, District, Traditional, RIVERDALE, 461, 0, 454, 0, 7, 0, 0, 0
609760, CARVER MILITARY HS, Network 17, District, Traditional, RIVERDALE, 412, 3, 170, 0, 236, 3, 0, 0
610021, CASALS, Network 5, District, Traditional, HUMBOLDT PARK, 349, 7, 117, 0, 223, 1, 0, 1
609849, CASSELL, ISP, District, Traditional, MOUNT GREENWOOD, 351, 234, 23, 1, 82, 8, 3, 0
610251, CATHER, Network 5, District, Traditional, EAST GARFIELD PARK, 340, 0, 323, 1, 15, 1, 0, 0
609851, CHALMERS, Network 5, District, Traditional, NORTH LAWNDALE, 218, 2, 204, 0, 10, 2, 0, 0
609852, CHAPPELL, Network 2, District, Traditional, LINCOLN SQUARE, 541, 226, 33, 2, 218, 36, 26, 0
609853, CHASE, Network 4, District, Traditional, LOGAN SQUARE, 376, 64, 37, 0, 255, 5, 6, 0
610148, CHAVEZ, ISP, District, Traditional, NEW CITY, 823, 2, 13, 3, 804, 0, 1, 0
610248, CHICAGO ACADEMY ES, AUSL, District, Traditional, DUNNING, 565, 108, 18, 1, 413, 8, 15, 2
610340, CHICAGO ACADEMY HS, AUSL, District, Traditional, DUNNING, 552, 83, 30, 2, 418, 5, 13, 1
609753, CHICAGO AGRICULTURE HS, ISP, District, Traditional, MOUNT GREENWOOD, 791, 204, 401, 0, 171, 8, 4, 3
609754, CHICAGO MILITARY HS, Network 17, District, Traditional, DOUGLAS, 228, 4, 142, 2, 76, 1, 0, 0
609674, CHICAGO VOCATIONAL HS, Network 17, District, Traditional, AVALON PARK, 626, 2, 605, 0, 16, 1, 0, 0
610060, Chicago World Language Academy, Network 6, District, Traditional, NEAR WEST SIDE, 454, 52, 145, 1, 143, 23, 90, 0
609854, CHOPIN, Network 5, District, Traditional, WEST TOWN, 267, 19, 83, 1, 161, 3, 0, 0
609855, CHRISTOPHER, Network 8, District, Traditional, GAGE PARK, 331, 10, 41, 0, 279, 0, 0, 1
610347, CLAREMONT, Network 10, District, Traditional, CHICAGO LAWN, 340, 2, 261, 0, 74, 1, 0, 2
609795, CLARK ES, ISP, District, Traditional, AUSTIN, 146, 7, 76, 0, 55, 1, 5, 2
610244, CLARK HS, ISP, District, Traditional, AUSTIN, 460, 0, 448, 1, 10, 1, 0, 0
609856, CLAY, Network 13, District, Traditional, HEGEWISCH, 539, 33, 99, 0, 391, 14, 1, 0
609759, CLEMENTE HS, Network 15, District, Traditional, WEST TOWN, 594, 19, 204, 4, 358, 3, 4, 2
609857, CLEVELAND, Network 1, District, Traditional, IRVING PARK, 462, 49, 14, 4, 366, 11, 18, 0
609859, CLINTON, ISP, District, Traditional, WEST RIDGE, 1006, 125, 146, 12, 271, 6, 446, 0
609861, CLISSOLD, Network 10, District, Traditional, MORGAN PARK, 391, 60, 285, 1, 36, 7, 2, 0
610199, COLEMON, Network 13, District, Traditional, WEST PULLMAN, 193, 0, 181, 0, 12, 0, 0, 0
609862, COLES, Network 12, District, Traditional, SOUTH CHICAGO, 263, 0, 250, 0, 12, 1, 0, 0
610499, COLLINS HS, AUSL, District, Traditional, NORTH LAWNDALE, 223, 1, 212, 0, 10, 0, 0, 0
610170, COLUMBIA EXPLORERS, ISP, District, Traditional, BRIGHTON PARK, 748, 5, 6, 1, 732, 1, 3, 0
609863, COLUMBUS, ISP, District, Traditional, WEST TOWN, 278, 174, 28, 0, 65, 5, 6, 0
609864, COOK, Network 11, District, Traditional, AUBURN GRESHAM, 318, 0, 297, 0, 19, 2, 0, 0
609866, COONLEY, Network 2, District, Traditional, NORTH CENTER, 791, 538, 13, 0, 127, 77, 34, 2
609867, COOPER, Network 7, District, Traditional, LOWER WEST SIDE, 408, 0, 9, 0, 397, 0, 2, 0
609870, CORKERY, ISP, District, Traditional, SOUTH LAWNDALE, 430, 6, 64, 1, 355, 0, 2, 2
609761, CORLISS HS, Network 17, District, Traditional, PULLMAN, 300, 1, 285, 0, 12, 2, 0, 0
610355, COURTENAY, Network 2, District, Traditional, UPTOWN, 211, 15, 112, 0, 70, 5, 9, 0
610561, CRANE MEDICAL HS, Network 15, District, Traditional, NEAR WEST SIDE, 313, 2, 267, 0, 41, 2, 0, 1
609873, CROWN, Network 5, District, Traditional, NORTH LAWNDALE, 125, 0, 113, 0, 11, 1, 0, 0
610003, CUFFE, Network 11, District, Traditional, AUBURN GRESHAM, 228, 0, 225, 0, 3, 0, 0, 0
610004, CULLEN, Network 13, District, Traditional, ROSELAND, 164, 1, 158, 0, 2, 1, 0, 0
609756, CURIE HS, Network 15, District, Traditional, ARCHER HEIGHTS, 2935, 32, 295, 10, 2532, 1, 63, 2
609900, CURTIS, Network 13, District, Traditional, ROSELAND, 376, 3, 352, 1, 19, 1, 0, 0
610239, DALEY, Network 8, District, Traditional, NEW CITY, 488, 3, 44, 1, 440, 0, 0, 0
609875, DARWIN, Network 4, District, Traditional, LOGAN SQUARE, 504, 45, 39, 2, 405, 6, 6, 1
610521, DAVIS M, ISP, District, Traditional, WEST ENGLEWOOD, 133, 0, 113, 0, 19, 1, 0, 0
609876, DAVIS N, Network 8, District, Traditional, BRIGHTON PARK, 515, 11, 10, 1, 487, 0, 5, 0
609879, DAWES, Network 10, District, Traditional, ASHBURN, 985, 10, 145, 2, 821, 5, 0, 1
610313, DE DIEGO, Network 5, District, Traditional, WEST TOWN, 420, 16, 108, 0, 285, 8, 3, 0
609880, DECATUR, Network 2, District, Traditional, WEST RIDGE, 323, 146, 14, 1, 45, 27, 90, 0
609883, DENEEN, Network 12, District, Traditional, GREATER GRAND CROSSING, 465, 0, 458, 0, 7, 0, 0, 0
610367, DEPRIEST, Network 3, District, Traditional, AUSTIN, 465, 2, 437, 0, 21, 5, 0, 0
610252, DETT, Network 6, District, Traditional, NEAR WEST SIDE, 247, 0, 223, 1, 21, 2, 0, 0
609884, DEVER, Network 1, District, Traditional, DUNNING, 734, 218, 12, 0, 442, 11, 17, 3
610402, DEVRY HS, Network 14, District, Traditional, LINCOLN SQUARE, 134, 18, 29, 0, 76, 1, 8, 2
609885, DEWEY, Network 8, District, Traditional, NEW CITY, 242, 2, 215, 0, 25, 0, 0, 0
609874, DIRKSEN, Network 1, District, Traditional, OHARE, 1047, 688, 31, 3, 142, 9, 173, 1
610363, DISNEY, Network 2, District, Traditional, UPTOWN, 1461, 209, 738, 8, 302, 63, 139, 2
610515, DISNEY II ES, Network 14, District, Traditional, IRVING PARK, 434, 172, 33, 2, 179, 20, 28, 0
610564, DISNEY II HS, Network 14, District, Traditional, IRVING PARK, 752, 124, 164, 5, 418, 9, 30, 0
609887, DIXON, Network 12, District, Traditional, CHATHAM, 464, 1, 452, 0, 11, 0, 0, 0
609891, DOOLITTLE, Network 9, District, Traditional, DOUGLAS, 260, 0, 260, 0, 0, 0, 0, 0
609893, DORE, Network 10, District, Traditional, CLEARING, 720, 149, 19, 0, 536, 5, 8, 3
610245, DOUGLASS HS, Network 15, District, Traditional, AUSTIN, 34, 0, 33, 0, 1, 0, 0, 0
609894, DRAKE, Network 9, District, Traditional, DOUGLAS, 243, 1, 231, 0, 10, 0, 1, 0
609896, DRUMMOND, Network 6, District, Traditional, LOGAN SQUARE, 305, 146, 22, 0, 78, 40, 19, 0
610364, DUBOIS, Network 13, District, Traditional, RIVERDALE, 202, 1, 193, 0, 8, 0, 0, 0
610263, DULLES, Network 9, District, Traditional, GREATER GRAND CROSSING, 668, 1, 644, 0, 15, 2, 1, 0
609676, DUNBAR HS, Network 17, District, Traditional, DOUGLAS, 459, 0, 439, 1, 16, 1, 0, 0
610188, DUNNE, Network 13, District, Traditional, ROSELAND, 206, 0, 204, 0, 1, 1, 0, 0
610352, DURKIN PARK, Network 10, District, Traditional, ASHBURN, 664, 25, 74, 1, 555, 7, 0, 2
610254, DVORAK, Network 7, District, Traditional, NORTH LAWNDALE, 273, 0, 256, 0, 12, 4, 1, 0
610587, DYETT ARTS HS, Network 17, District, Traditional, WASHINGTON PARK, 520, 2, 508, 0, 8, 2, 0, 0
610316, EARHART, Network 12, District, Traditional, CALUMET HEIGHTS, 193, 0, 182, 0, 9, 2, 0, 0
609897, EARLE, Network 11, District, Traditional, WEST ENGLEWOOD, 251, 1, 214, 0, 34, 2, 0, 0
609898, EBERHART, Network 10, District, Traditional, CHICAGO LAWN, 1028, 8, 34, 3, 981, 2, 0, 0
609899, EBINGER, Network 1, District, Traditional, EDISON PARK, 729, 593, 7, 1, 88, 12, 27, 1
609901, EDGEBROOK, Network 1, District, Traditional, FOREST GLEN, 455, 262, 5, 0, 89, 42, 57, 0
609794, EDISON, Network 1, District, Traditional, ALBANY PARK, 263, 149, 9, 1, 29, 31, 44, 0
610523, EDISON PARK, Network 1, District, Traditional, NORWOOD PARK, 413, 284, 4, 0, 98, 8, 19, 0
609903, EDWARDS, Network 8, District, Traditional, ARCHER HEIGHTS, 1250, 24, 17, 3, 1191, 2, 7, 1
609904, ELLINGTON, Network 3, District, Traditional, AUSTIN, 435, 1, 418, 2, 14, 0, 0, 0
610592, ENGLEWOOD STEM HS, Network 16, District, Traditional, ENGLEWOOD, 778, 2, 701, 0, 71, 3, 1, 0
609907, ERICSON, Network 5, District, Traditional, EAST GARFIELD PARK, 367, 1, 363, 0, 3, 0, 0, 0
609908, ESMOND, Network 10, District, Traditional, MORGAN PARK, 247, 1, 240, 0, 6, 0, 0, 0
609909, EVERETT, ISP, District, Traditional, MCKINLEY PARK, 118, 6, 2, 0, 97, 4, 9, 0
610319, EVERGREEN, Network 8, District, Traditional, MCKINLEY PARK, 201, 6, 9, 1, 178, 2, 5, 0
610362, EVERS, Network 11, District, Traditional, WASHINGTON HEIGHTS, 212, 1, 204, 0, 6, 1, 0, 0
610057, FAIRFIELD, Network 10, District, Traditional, CHICAGO LAWN, 469, 0, 87, 0, 381, 1, 0, 0
609910, FALCONER, Network 3, District, Traditional, BELMONT CRAGIN, 884, 25, 13, 1, 833, 3, 9, 0
610055, FARADAY, Network 5, District, Traditional, EAST GARFIELD PARK, 160, 0, 157, 0, 3, 0, 0, 0
609912, FARNSWORTH, Network 1, District, Traditional, JEFFERSON PARK, 473, 168, 16, 1, 207, 12, 69, 0
609704, FARRAGUT HS, Network 16, District, Traditional, SOUTH LAWNDALE, 445, 5, 55, 1, 383, 0, 1, 0
609705, FENGER HS, Network 17, District, Traditional, ROSELAND, 230, 0, 221, 0, 9, 0, 0, 0
609917, FERNWOOD, Network 13, District, Traditional, WASHINGTON HEIGHTS, 265, 0, 259, 0, 5, 1, 0, 0
609918, FIELD, Network 2, District, Traditional, ROGERS PARK, 150, 8, 62, 0, 72, 6, 1, 1
609967, FINKL, Network 7, District, Traditional, LOWER WEST SIDE, 208, 9, 33, 0, 165, 0, 0, 1
609919, FISKE, Network 9, District, Traditional, WOODLAWN, 338, 1, 317, 0, 16, 3, 1, 0
609708, FOREMAN HS, Network 14, District, Traditional, PORTAGE PARK, 571, 24, 94, 1, 447, 1, 3, 1
609924, FORT DEARBORN, Network 11, District, Traditional, WASHINGTON HEIGHTS, 328, 0, 317, 0, 9, 2, 0, 0
609927, FOSTER PARK, Network 11, District, Traditional, AUBURN GRESHAM, 294, 0, 282, 0, 8, 1, 0, 0
609926, FRANKLIN, Network 4, District, Traditional, NEAR NORTH SIDE, 368, 94, 192, 0, 50, 17, 15, 0
610503, FRAZIER PROSPECTIVE, ISP, District, Traditional, NORTH LAWNDALE, 131, 0, 125, 0, 6, 0, 0, 0
609928, FULLER, Network 9, District, Traditional, GRAND BOULEVARD, 311, 0, 302, 1, 5, 2, 0, 0
609929, FULTON, Network 8, District, Traditional, NEW CITY, 293, 1, 90, 2, 198, 1, 0, 1
609930, FUNSTON, Network 4, District, Traditional, LOGAN SQUARE, 414, 7, 33, 0, 371, 2, 0, 0
609709, GAGE PARK HS, Network 16, District, Traditional, GAGE PARK, 338, 3, 109, 0, 223, 2, 0, 1
609933, GALE, Network 2, District, Traditional, ROGERS PARK, 215, 11, 145, 0, 46, 6, 7, 0
610009, GALILEO, Network 6, District, Traditional, NEAR WEST SIDE, 541, 55, 137, 0, 307, 22, 19, 1
609935, GALLISTEL, Network 13, District, Traditional, EAST SIDE, 622, 6, 43, 3, 570, 0, 0, 0
610128, GARVEY, Network 13, District, Traditional, WASHINGTON HEIGHTS, 235, 0, 232, 0, 2, 1, 0, 0
609937, GARVY, Network 1, District, Traditional, NORWOOD PARK, 737, 369, 8, 3, 267, 20, 57, 12
609938, GARY, Network 7, District, Traditional, SOUTH LAWNDALE, 755, 3, 1, 3, 746, 0, 2, 0
609939, GILLESPIE, Network 12, District, Traditional, ROSELAND, 377, 1, 363, 0, 13, 0, 0, 0
609942, GOETHE, Network 4, District, Traditional, LOGAN SQUARE, 707, 155, 35, 8, 462, 23, 15, 0
610558, GOODE HS, Network 16, District, Traditional, ASHBURN, 974, 3, 316, 0, 653, 1, 0, 1
609945, GOUDY, Network 2, District, Traditional, UPTOWN, 561, 37, 180, 2, 142, 22, 168, 1
609947, GRAHAM ES, Network 6, District, Traditional, NEW CITY, 332, 89, 86, 0, 155, 1, 1, 0
609769, GRAHAM HS, Network 14, District, Specialty, NEAR SOUTH SIDE, 239, 8, 89, 3, 127, 2, 9, 1
609949, GRAY, Network 1, District, Traditional, PORTAGE PARK, 998, 85, 29, 6, 831, 15, 16, 0
609850, GREELEY, Network 4, District, Traditional, LAKE VIEW, 315, 20, 69, 0, 205, 8, 13, 0
610032, GREEN, Network 11, District, Traditional, WASHINGTON HEIGHTS, 300, 0, 289, 0, 4, 2, 0, 0
609952, GREENE, Network 8, District, Traditional, MCKINLEY PARK, 305, 12, 8, 0, 263, 2, 18, 1
609954, GREGORY, Network 5, District, Traditional, EAST GARFIELD PARK, 280, 0, 271, 0, 8, 1, 0, 0
609955, GRESHAM, Network 11, District, Traditional, AUBURN GRESHAM, 329, 0, 322, 0, 6, 1, 0, 0
609956, GRIMES, Network 10, District, Traditional, CLEARING, 387, 29, 10, 0, 347, 1, 0, 0
609944, GRISSOM, Network 13, District, Traditional, HEGEWISCH, 296, 27, 38, 0, 229, 1, 1, 0
609958, GUNSAULUS, ISP, District, Traditional, BRIGHTON PARK, 658, 10, 14, 0, 609, 4, 18, 0
609959, HAINES, Network 6, District, Traditional, ARMOUR SQUARE, 527, 2, 66, 1, 18, 1, 439, 0
609960, HALE, Network 10, District, Traditional, CLEARING, 797, 119, 29, 2, 635, 2, 7, 3
609808, HALEY, Network 13, District, Traditional, ROSELAND, 439, 1, 416, 0, 21, 0, 0, 1
609963, HAMILTON, Network 4, District, Traditional, LAKE VIEW, 443, 325, 13, 0, 56, 33, 16, 0
609964, HAMLINE, Network 8, District, Traditional, NEW CITY, 532, 6, 41, 1, 481, 2, 1, 0
609966, HAMMOND, Network 7, District, Traditional, SOUTH LAWNDALE, 232, 2, 30, 0, 196, 4, 0, 0
609807, HAMPTON, Network 10, District, Traditional, ASHBURN, 474, 5, 222, 4, 239, 1, 0, 0
609694, HANCOCK HS, Network 15, District, Traditional, CLEARING, 1004, 63, 10, 3, 907, 2, 8, 1
610068, HANSON PARK, Network 3, District, Traditional, BELMONT CRAGIN, 1149, 16, 33, 6, 1090, 2, 1, 1
609710, HARLAN HS, Network 17, District, Traditional, ROSELAND, 259, 0, 253, 0, 4, 2, 0, 0
609969, HARTE, Network 9, District, Traditional, HYDE PARK, 329, 11, 290, 0, 17, 7, 3, 1
609971, HARVARD, Network 11, District, Traditional, GREATER GRAND CROSSING, 349, 0, 341, 0, 6, 0, 0, 0
609972, HAUGAN, ISP, District, Traditional, ALBANY PARK, 878, 51, 32, 3, 741, 7, 43, 0
609974, HAWTHORNE, Network 4, District, Traditional, LAKE VIEW, 606, 310, 34, 2, 128, 46, 80, 2
609975, HAY, Network 3, District, Traditional, AUSTIN, 266, 1, 217, 0, 45, 1, 2, 0
609976, HAYT, Network 2, District, Traditional, EDGEWATER, 879, 82, 173, 10, 372, 23, 216, 2
609979, HEALY, Network 6, District, Traditional, BRIDGEPORT, 1218, 52, 30, 3, 186, 10, 934, 3
609981, HEARST, Network 10, District, Traditional, GARFIELD RIDGE, 308, 4, 98, 1, 202, 1, 2, 0
609983, HEDGES, Network 8, District, Traditional, NEW CITY, 456, 5, 7, 0, 444, 0, 0, 0
609985, HEFFERAN, Network 5, District, Traditional, WEST GARFIELD PARK, 237, 1, 226, 0, 10, 0, 0, 0
609986, HENDERSON, Network 8, District, Traditional, WEST ENGLEWOOD, 173, 3, 119, 0, 51, 0, 0, 0
609987, HENDRICKS, Network 9, District, Traditional, FULLER PARK, 176, 1, 158, 0, 16, 1, 0, 0
609988, HENRY, Network 1, District, Traditional, IRVING PARK, 449, 31, 16, 6, 372, 1, 13, 1
610532, HERNANDEZ, ISP, District, Traditional, GAGE PARK, 856, 6, 14, 2, 829, 0, 1, 0
609991, HERZL, Network 7, District, Traditional, NORTH LAWNDALE, 417, 2, 398, 0, 15, 1, 0, 0
609994, HIBBARD, Network 1, District, Traditional, ALBANY PARK, 903, 74, 35, 10, 712, 8, 62, 1
610295, HIGGINS, Network 13, District, Traditional, WEST PULLMAN, 262, 0, 244, 0, 18, 0, 0, 0
609712, HIRSCH HS, Network 17, District, Traditional, GREATER GRAND CROSSING, 100, 0, 97, 0, 2, 0, 0, 0
609995, HITCH, Network 1, District, Traditional, NORWOOD PARK, 494, 163, 11, 1, 241, 27, 40, 0
609996, HOLDEN, ISP, District, Traditional, BRIDGEPORT, 393, 68, 43, 0, 208, 9, 65, 0
609997, HOLMES, Network 8, District, Traditional, ENGLEWOOD, 118, 0, 104, 0, 12, 1, 0, 0
610000, HOWE, Network 3, District, Traditional, AUSTIN, 380, 3, 337, 0, 38, 2, 0, 0
610002, HOYNE, Network 12, District, Traditional, CALUMET HEIGHTS, 227, 0, 219, 0, 4, 3, 0, 0
609741, HUBBARD HS, Network 16, District, Traditional, WEST LAWN, 1726, 17, 75, 3, 1627, 4, 0, 0
610005, HUGHES C, Network 7, District, Traditional, NORTH LAWNDALE, 186, 1, 173, 0, 10, 0, 0, 2
610368, HUGHES L, Network 13, District, Traditional, ROSELAND, 463, 1, 430, 0, 27, 4, 0, 1
610006, HURLEY, Network 10, District, Traditional, WEST LAWN, 711, 3, 6, 6, 695, 0, 0, 0
609713, HYDE PARK HS, Network 17, District, Traditional, WOODLAWN, 727, 0, 714, 0, 5, 7, 0, 0
610384, INFINITY HS, ISP, District, Traditional, SOUTH LAWNDALE, 406, 6, 13, 0, 386, 0, 1, 0
610078, INTER-AMERICAN, Network 4, District, Traditional, LAKE VIEW, 673, 70, 15, 1, 575, 9, 3, 0
610121, IRVING, Network 6, District, Traditional, NEAR WEST SIDE, 290, 13, 232, 1, 39, 3, 2, 0
610369, JACKSON M, Network 11, District, Traditional, AUBURN GRESHAM, 340, 3, 331, 0, 4, 0, 0, 1
610010, JAHN, Network 4, District, Traditional, NORTH CENTER, 295, 91, 46, 0, 126, 20, 11, 0
610011, JAMIESON, Network 2, District, Traditional, WEST RIDGE, 786, 231, 57, 2, 258, 25, 206, 0
609783, JEFFERSON HS, Network 16, District, Options, NEAR WEST SIDE, 152, 3, 122, 0, 27, 0, 0, 0
610271, JENSEN, Network 5, District, Traditional, EAST GARFIELD PARK, 250, 0, 245, 0, 4, 1, 0, 0
610274, JOHNSON, Network 5, District, Traditional, NORTH LAWNDALE, 220, 3, 203, 2, 9, 1, 0, 0
609678, JONES HS, ISP, District, Traditional, LOOP, 1936, 677, 240, 6, 608, 57, 336, 10
609805, JOPLIN, Network 11, District, Traditional, AUBURN GRESHAM, 330, 0, 306, 0, 24, 0, 0, 0
609865, JORDAN, Network 2, District, Traditional, ROGERS PARK, 499, 52, 131, 2, 260, 5, 38, 4
609764, JUAREZ HS, Network 15, District, Traditional, LOWER WEST SIDE, 1598, 26, 42, 8, 1508, 2, 10, 0
609762, JULIAN HS, Network 16, District, Traditional, WASHINGTON HEIGHTS, 422, 1, 408, 2, 9, 1, 0, 1
610015, JUNGMAN, ISP, District, Traditional, LOWER WEST SIDE, 287, 29, 68, 1, 180, 1, 7, 1
609920, KANOON, Network 7, District, Traditional, SOUTH LAWNDALE, 408, 0, 3, 0, 405, 0, 0, 0
610084, KELLER, Network 10, District, Traditional, MOUNT GREENWOOD, 214, 30, 63, 0, 30, 11, 79, 0
609925, KELLMAN, Network 5, District, Traditional, EAST GARFIELD PARK, 208, 0, 203, 1, 3, 0, 0, 0
610016, KELLOGG, Network 10, District, Traditional, BEVERLY, 282, 28, 244, 0, 8, 1, 1, 0
609715, KELLY HS, Network 16, District, Traditional, BRIGHTON PARK, 1746, 26, 57, 2, 1449, 4, 201, 2
609716, KELVYN PARK HS, Network 14, District, Traditional, HERMOSA, 479, 11, 41, 1, 422, 3, 0, 1
609718, KENNEDY HS, Network 16, District, Traditional, GARFIELD RIDGE, 1642, 230, 63, 2, 1332, 5, 9, 1
609746, KENWOOD HS, Network 17, District, Traditional, KENWOOD, 2324, 107, 1989, 3, 104, 46, 35, 4
610019, KERSHAW, Network 11, District, Traditional, ENGLEWOOD, 213, 0, 206, 0, 7, 0, 0, 0
610022, KILMER, Network 2, District, Traditional, ROGERS PARK, 743, 114, 197, 6, 321, 31, 67, 1
610299, KING ES, Network 11, District, Traditional, ENGLEWOOD, 235, 1, 226, 1, 6, 1, 0, 0
609751, KING HS, Network 17, District, Traditional, KENWOOD, 589, 5, 553, 1, 18, 7, 4, 1
610026, KINZIE, ISP, District, Traditional, GARFIELD RIDGE, 665, 105, 28, 1, 521, 7, 3, 0
610027, KIPLING, ISP, District, Traditional, WASHINGTON HEIGHTS, 229, 0, 226, 0, 3, 0, 0, 0
610030, KOZMINSKI, Network 9, District, Traditional, HYDE PARK, 255, 9, 211, 1, 16, 2, 15, 0
609719, LAKE VIEW HS, Network 14, District, Traditional, LAKE VIEW, 1360, 121, 190, 5, 978, 18, 43, 3
609720, LANE TECH HS, Network 14, District, Traditional, NORTH CENTER, 4488, 1718, 290, 21, 1557, 147, 482, 31
609869, LANGFORD, Network 11, District, Traditional, WEST ENGLEWOOD, 181, 1, 156, 0, 24, 0, 0, 0
609993, LARA, ISP, District, Traditional, NEW CITY, 312, 2, 17, 0, 289, 3, 1, 0
610033, LASALLE, Network 4, District, Traditional, LINCOLN PARK, 489, 163, 176, 0, 91, 27, 32, 0
610520, LASALLE II, ISP, District, Traditional, WEST TOWN, 580, 156, 120, 2, 242, 40, 17, 3
610208, LAVIZZO, Network 13, District, Traditional, ROSELAND, 341, 0, 333, 1, 7, 0, 0, 0
610034, LAWNDALE, Network 5, District, Traditional, NORTH LAWNDALE, 217, 2, 209, 0, 6, 0, 0, 0
610291, LEE, ISP, District, Traditional, WEST LAWN, 629, 8, 7, 0, 614, 0, 0, 0
610305, LELAND, Network 3, District, Traditional, AUSTIN, 374, 0, 348, 0, 19, 3, 0, 3
610298, LENART, ISP, District, Traditional, CHATHAM, 290, 40, 182, 0, 14, 11, 43, 0
610036, LEWIS, Network 3, District, Traditional, AUSTIN, 360, 1, 212, 0, 143, 3, 1, 0
610037, LIBBY, Network 8, District, Traditional, NEW CITY, 255, 4, 157, 0, 93, 1, 0, 0
610038, LINCOLN, Network 4, District, Traditional, LINCOLN PARK, 802, 473, 78, 0, 79, 69, 102, 1
610595, LINCOLN PARK ELC, Network 4, District, Early Childhood, LINCOLN PARK, 31, 9, 4, 0, 6, 1, 10, 0
609738, LINCOLN PARK HS, Network 14, District, Traditional, LINCOLN PARK, 2069, 651, 438, 8, 661, 81, 211, 5
610391, LINDBLOM HS, Network 16, District, Traditional, WEST ENGLEWOOD, 1401, 38, 964, 2, 368, 13, 7, 1
609834, LITTLE VILLAGE, ISP, District, Traditional, SOUTH LAWNDALE, 602, 1, 1, 2, 598, 0, 0, 0
610040, LLOYD, Network 3, District, Traditional, BELMONT CRAGIN, 827, 8, 17, 4, 794, 4, 0, 0
610041, LOCKE J, Network 3, District, Traditional, MONTCLARE, 1141, 113, 42, 0, 961, 6, 14, 5
610541, LORCA, Network 4, District, Traditional, AVONDALE, 625, 24, 14, 1, 582, 2, 1, 1
610043, LOVETT, Network 3, District, Traditional, AUSTIN, 298, 0, 237, 1, 59, 1, 0, 0
610044, LOWELL, Network 5, District, Traditional, HUMBOLDT PARK, 312, 5, 81, 0, 218, 8, 0, 0
610029, LOZANO, Network 6, District, Traditional, WEST TOWN, 158, 9, 36, 1, 105, 5, 2, 0
610046, LYON, Network 3, District, Traditional, BELMONT CRAGIN, 1043, 57, 13, 4, 934, 2, 22, 5
610215, MADERO, Network 7, District, Traditional, SOUTH LAWNDALE, 252, 0, 1, 0, 251, 0, 0, 0
610047, MADISON, Network 12, District, Traditional, SOUTH SHORE, 172, 0, 165, 0, 6, 1, 0, 0
610048, MANIERRE, Network 4, District, Traditional, NEAR NORTH SIDE, 252, 0, 241, 0, 10, 1, 0, 0
609722, MANLEY HS, Network 15, District, Traditional, EAST GARFIELD PARK, 70, 0, 64, 0, 6, 0, 0, 0
610052, MANN, Network 12, District, Traditional, SOUTH CHICAGO, 318, 3, 308, 0, 6, 1, 0, 0
609780, MARINE LEADERSHIP AT AMES HS, Network 14, District, Traditional, LOGAN SQUARE, 698, 18, 12, 0, 665, 0, 2, 0
610053, MARQUETTE, Network 10, District, Traditional, CHICAGO LAWN, 1004, 17, 306, 0, 680, 1, 0, 0
610054, MARSH, ISP, District, Traditional, SOUTH DEERING, 643, 13, 61, 4, 561, 3, 0, 0
609723, MARSHALL HS, Network 15, District, Traditional, EAST GARFIELD PARK, 186, 0, 180, 0, 3, 1, 0, 0
610056, MASON, Network 7, District, Traditional, NORTH LAWNDALE, 216, 0, 211, 0, 5, 0, 0, 0
609724, MATHER HS, Network 14, District, Traditional, WEST RIDGE, 1640, 219, 250, 6, 790, 24, 344, 5
610059, MAYER, Network 4, District, Traditional, LINCOLN PARK, 673, 453, 56, 4, 68, 46, 37, 8
610290, MAYS, Network 11, District, Traditional, ENGLEWOOD, 236, 0, 223, 0, 10, 1, 0, 0
609968, MCAULIFFE, Network 4, District, Traditional, HERMOSA, 571, 12, 27, 2, 523, 6, 0, 1
610062, MCCLELLAN, Network 6, District, Traditional, BRIDGEPORT, 296, 54, 112, 0, 99, 10, 15, 4
610063, MCCORMICK, Network 7, District, Traditional, SOUTH LAWNDALE, 443, 8, 3, 0, 431, 1, 0, 0
610269, MCCUTCHEON, Network 2, District, Traditional, UPTOWN, 305, 21, 150, 3, 76, 11, 44, 0
610066, MCDADE, Network 12, District, Traditional, CHATHAM, 210, 5, 191, 0, 2, 8, 4, 0
610312, MCDOWELL, ISP, District, Traditional, CALUMET HEIGHTS, 116, 0, 114, 0, 2, 0, 0, 0
610067, MCKAY, Network 10, District, Traditional, CHICAGO LAWN, 624, 12, 441, 3, 167, 1, 0, 0
610282, MCNAIR, Network 3, District, Traditional, AUSTIN, 345, 3, 278, 0, 57, 4, 3, 0
610070, MCPHERSON, Network 2, District, Traditional, LINCOLN SQUARE, 664, 153, 58, 0, 372, 46, 35, 0
610293, MELODY, Network 5, District, Traditional, WEST GARFIELD PARK, 273, 1, 263, 0, 9, 0, 0, 0
609902, METCALFE, Network 13, District, Traditional, WEST PULLMAN, 341, 1, 328, 0, 10, 2, 0, 0
610171, MIRELES, Network 12, District, Traditional, SOUTH CHICAGO, 469, 2, 251, 4, 209, 3, 0, 0
610073, MITCHELL, ISP, District, Traditional, WEST TOWN, 381, 184, 32, 0, 142, 15, 7, 1
610276, MOLLISON, Network 9, District, Traditional, GRAND BOULEVARD, 267, 0, 258, 1, 5, 1, 0, 0
610074, MONROE, Network 4, District, Traditional, LOGAN SQUARE, 654, 33, 11, 0, 599, 11, 0, 0
610076, MOOS, Network 5, District, Traditional, WEST TOWN, 433, 37, 63, 0, 319, 12, 2, 0
609725, MORGAN PARK HS, Network 16, District, Traditional, MORGAN PARK, 1108, 10, 1056, 1, 26, 2, 1, 2
610077, MORRILL, Network 10, District, Traditional, CHICAGO LAWN, 515, 7, 147, 2, 359, 0, 0, 0
610257, MORTON, Network 5, District, Traditional, HUMBOLDT PARK, 181, 13, 145, 0, 23, 0, 0, 0
610082, MOUNT GREENWOOD, ISP, District, Traditional, MOUNT GREENWOOD, 1154, 923, 29, 1, 175, 14, 11, 1
610086, MOUNT VERNON, Network 13, District, Traditional, WASHINGTON HEIGHTS, 232, 0, 224, 0, 3, 1, 0, 0
610088, MOZART, Network 4, District, Traditional, LOGAN SQUARE, 481, 14, 32, 1, 433, 0, 1, 0
610385, MULTICULTURAL ARTS HIGH SCHOOL, Network 15, District, Traditional, SOUTH LAWNDALE, 252, 1, 44, 1, 206, 0, 0, 0
610089, MURPHY, Network 1, District, Traditional, IRVING PARK, 495, 154, 22, 2, 290, 13, 11, 1
610090, MURRAY, Network 9, District, Traditional, HYDE PARK, 450, 11, 401, 1, 13, 15, 2, 0
610092, NASH, Network 3, District, Traditional, AUSTIN, 230, 0, 195, 0, 33, 1, 1, 0
610231, NATIONAL TEACHERS, AUSL, District, Traditional, NEAR SOUTH SIDE, 754, 85, 545, 0, 45, 36, 38, 2
610093, NEIL, Network 12, District, Traditional, CHATHAM, 253, 2, 233, 0, 8, 1, 1, 0
610094, NETTELHORST, Network 4, District, Traditional, LAKE VIEW, 616, 347, 53, 2, 91, 62, 58, 3
610284, NEW FIELD, Network 2, District, Traditional, ROGERS PARK, 515, 65, 158, 1, 217, 39, 31, 2
610193, NEW SULLIVAN, Network 12, District, Traditional, SOUTH CHICAGO, 390, 18, 286, 2, 71, 4, 0, 0
610095, NEWBERRY, Network 4, District, Traditional, LINCOLN PARK, 366, 20, 245, 1, 75, 17, 7, 0
609793, NICHOLSON, Network 11, District, Traditional, ENGLEWOOD, 438, 1, 416, 0, 20, 0, 1, 0
610096, NIGHTINGALE, Network 8, District, Traditional, GAGE PARK, 971, 8, 6, 11, 945, 1, 0, 0
609961, NINOS HEROES, Network 12, District, Traditional, SOUTH CHICAGO, 300, 0, 262, 0, 38, 0, 0, 0
610097, NIXON, Network 4, District, Traditional, HERMOSA, 588, 7, 15, 1, 562, 2, 1, 0
610098, NOBEL, ISP, District, Traditional, HUMBOLDT PARK, 571, 6, 83, 2, 478, 2, 0, 0
610354, NORTH RIVER, Network 1, District, Traditional, ALBANY PARK, 212, 8, 7, 0, 174, 1, 5, 2
609691, NORTH-GRAND HS, Network 15, District, Traditional, HUMBOLDT PARK, 1059, 9, 197, 6, 839, 3, 4, 1
609744, NORTHSIDE LEARNING HS, Network 14, District, Specialty, NORTH PARK, 271, 51, 47, 1, 148, 4, 19, 1
609749, NORTHSIDE PREP HS, Network 14, District, Traditional, NORTH PARK, 1042, 399, 58, 4, 298, 41, 218, 8
610051, NORTHWEST, Network 3, District, Traditional, BELMONT CRAGIN, 479, 10, 15, 2, 449, 1, 2, 0
610599, Northwest ECC, Network 1, District, Early Childhood, PORTAGE PARK, 70, 30, 2, 0, 26, 7, 3, 0
610099, NORWOOD PARK, Network 1, District, Traditional, NORWOOD PARK, 339, 185, 1, 1, 122, 16, 14, 0
610101, OGDEN ES, Network 15, District, Traditional, NEAR NORTH SIDE, 866, 213, 408, 2, 110, 52, 70, 0
610529, OGDEN HS, Network 15, District, Traditional, WEST TOWN, 494, 61, 232, 2, 175, 12, 11, 1
610102, OGLESBY, Network 11, District, Traditional, AUBURN GRESHAM, 268, 0, 262, 0, 4, 1, 0, 1
610103, OKEEFFE, Network 12, District, Traditional, SOUTH SHORE, 485, 2, 460, 0, 18, 4, 0, 1
610104, ONAHAN, Network 1, District, Traditional, NORWOOD PARK, 656, 397, 16, 3, 195, 22, 22, 0
610105, ORIOLE PARK, Network 1, District, Traditional, NORWOOD PARK, 597, 357, 10, 2, 168, 16, 43, 1
610329, OROZCO, Network 7, District, Traditional, LOWER WEST SIDE, 281, 2, 1, 0, 277, 0, 1, 0
610389, ORR HS, Network 15, District, Traditional, HUMBOLDT PARK, 228, 4, 174, 0, 46, 4, 0, 0
609950, ORTIZ DE DOMINGUEZ, Network 7, District, Traditional, SOUTH LAWNDALE, 392, 0, 2, 0, 388, 0, 2, 0
610107, OTIS, Network 6, District, Traditional, WEST TOWN, 318, 17, 102, 1, 185, 5, 7, 1
610108, OTOOLE, Network 11, District, Traditional, WEST ENGLEWOOD, 323, 5, 246, 1, 71, 0, 0, 0
610109, OWEN, Network 10, District, Traditional, ASHBURN, 274, 0, 268, 0, 4, 2, 0, 0
609943, OWENS, Network 13, District, Traditional, WEST PULLMAN, 340, 4, 314, 0, 14, 1, 0, 0
610111, PALMER, ISP, District, Traditional, ALBANY PARK, 731, 252, 16, 1, 312, 24, 117, 9
610115, PARK MANOR, Network 12, District, Traditional, GREATER GRAND CROSSING, 263, 1, 258, 0, 4, 0, 0, 0
610112, PARKER, Network 11, District, Traditional, ENGLEWOOD, 348, 0, 343, 0, 4, 1, 0, 0
610116, PARKSIDE, Network 12, District, Traditional, SOUTH SHORE, 234, 0, 226, 0, 7, 0, 0, 0
610117, PASTEUR, Network 8, District, Traditional, WEST ELSDON, 580, 11, 10, 2, 553, 4, 0, 0
609680, PAYTON HS, Network 15, District, Traditional, NEAR NORTH SIDE, 1230, 464, 110, 2, 299, 48, 301, 6
610386, PEACE AND EDUCATION HS, ISP, District, Options, NEW CITY, 131, 0, 38, 0, 92, 1, 0, 0
610120, PECK, ISP, District, Traditional, WEST ELSDON, 799, 14, 9, 0, 775, 1, 0, 0
610122, PEIRCE, ISP, District, Traditional, EDGEWATER, 1062, 496, 86, 8, 337, 85, 49, 1
610123, PENN, Network 7, District, Traditional, NORTH LAWNDALE, 223, 1, 205, 1, 16, 0, 0, 0
609872, PEREZ, Network 7, District, Traditional, LOWER WEST SIDE, 258, 5, 6, 0, 241, 0, 6, 0
610126, PERSHING, Network 9, District, Traditional, DOUGLAS, 438, 4, 414, 0, 14, 3, 2, 0
610127, PETERSON, Network 1, District, Traditional, NORTH PARK, 840, 252, 62, 3, 292, 33, 182, 0
609727, PHILLIPS HS, Network 17, District, Traditional, DOUGLAS, 457, 1, 404, 0, 7, 1, 0, 0
610304, PHOENIX MILITARY HS, ISP, District, Traditional, NEAR WEST SIDE, 462, 12, 60, 0, 380, 3, 5, 1
610106, PICCOLO, Network 5, District, Traditional, HUMBOLDT PARK, 568, 4, 221, 1, 341, 1, 0, 0
610129, PICKARD, Network 7, District, Traditional, LOWER WEST SIDE, 288, 9, 12, 0, 267, 0, 0, 0
610013, PILSEN, Network 7, District, Traditional, LOWER WEST SIDE, 216, 2, 23, 1, 189, 1, 0, 0
610130, PIRIE, Network 12, District, Traditional, CHATHAM, 202, 1, 196, 0, 2, 3, 0, 0
610131, PLAMONDON, ISP, District, Traditional, NORTH LAWNDALE, 103, 4, 24, 1, 74, 0, 0, 0
610132, POE, Network 13, District, Traditional, PULLMAN, 228, 8, 192, 0, 17, 10, 0, 1
610135, PORTAGE PARK, Network 1, District, Traditional, PORTAGE PARK, 823, 229, 26, 10, 514, 23, 15, 5
610281, POWELL, Network 12, District, Traditional, SOUTH SHORE, 534, 2, 514, 0, 13, 5, 0, 0
610136, PRESCOTT, Network 4, District, Traditional, LINCOLN PARK, 396, 171, 45, 2, 119, 21, 38, 0
610533, PRIETO, Network 3, District, Traditional, BELMONT CRAGIN, 739, 4, 25, 3, 703, 2, 2, 0
610229, PRITZKER, Network 6, District, Traditional, WEST TOWN, 647, 228, 140, 5, 174, 49, 49, 2
609679, PROSSER HS, Network 15, District, Traditional, BELMONT CRAGIN, 1166, 20, 284, 4, 852, 2, 2, 2
610137, PRUSSING, Network 1, District, Traditional, PORTAGE PARK, 614, 269, 9, 3, 282, 13, 34, 3
610138, PULASKI, Network 6, District, Traditional, LOGAN SQUARE, 817, 278, 13, 3, 446, 48, 29, 0
610139, PULLMAN, Network 13, District, Traditional, PULLMAN, 301, 2, 237, 0, 60, 2, 0, 0
610334, RABY HS, Network 15, District, Traditional, EAST GARFIELD PARK, 176, 1, 158, 1, 16, 0, 0, 0
609941, RANDOLPH, Network 11, District, Traditional, WEST ENGLEWOOD, 339, 1, 287, 0, 51, 0, 0, 0
610141, RAVENSWOOD, Network 2, District, Traditional, LAKE VIEW, 532, 249, 43, 0, 155, 57, 28, 0
610142, RAY, Network 9, District, Traditional, HYDE PARK, 496, 76, 318, 3, 42, 16, 33, 3
610143, REAVIS, Network 9, District, Traditional, KENWOOD, 291, 0, 285, 0, 4, 1, 1, 0
610144, REILLY, Network 4, District, Traditional, AVONDALE, 559, 13, 12, 0, 524, 2, 7, 0
610145, REINBERG, Network 1, District, Traditional, PORTAGE PARK, 718, 106, 29, 5, 544, 8, 23, 1
610146, REVERE, Network 12, District, Traditional, GREATER GRAND CROSSING, 214, 0, 210, 0, 4, 0, 0, 0
609682, RICHARDS HS, Network 16, District, Traditional, NEW CITY, 279, 1, 116, 3, 146, 0, 0, 0
610588, RICHARDSON, Network 10, District, Traditional, WEST LAWN, 924, 4, 11, 0, 906, 1, 1, 0
610390, RICKOVER MILITARY HS, ISP, District, Traditional, PORTAGE PARK, 459, 64, 20, 0, 357, 7, 11, 0
610256, ROBINSON, Network 9, District, Traditional, OAKLAND, 112, 1, 107, 0, 3, 0, 0, 0
610147, ROGERS, ISP, District, Traditional, WEST RIDGE, 690, 123, 137, 0, 240, 25, 164, 1
609728, ROOSEVELT HS, Network 14, District, Traditional, ALBANY PARK, 1068, 55, 99, 5, 804, 7, 89, 4
610308, RUDOLPH, Network 6, District, Specialty, NEAR WEST SIDE, 101, 4, 50, 0, 43, 1, 3, 0
610152, RUGGLES, Network 12, District, Traditional, GREATER GRAND CROSSING, 319, 0, 309, 0, 8, 1, 1, 0
610125, RUIZ, Network 7, District, Traditional, LOWER WEST SIDE, 434, 7, 10, 0, 413, 1, 1, 2
610153, RYDER, Network 11, District, Traditional, AUBURN GRESHAM, 350, 1, 337, 1, 7, 0, 0, 0
610342, SABIN, Network 6, District, Traditional, WEST TOWN, 320, 10, 66, 0, 241, 3, 0, 0
610586, SADLOWSKI, Network 13, District, Traditional, EAST SIDE, 622, 17, 27, 1, 575, 2, 0, 0
610250, SALAZAR, ISP, District, Traditional, NEAR NORTH SIDE, 272, 3, 92, 1, 169, 2, 4, 0
610226, SANDOVAL, ISP, District, Traditional, GAGE PARK, 744, 8, 12, 6, 717, 1, 0, 0
610017, SAUCEDO, Network 7, District, Traditional, SOUTH LAWNDALE, 874, 3, 41, 2, 827, 1, 0, 0
610155, SAUGANASH, Network 1, District, Traditional, FOREST GLEN, 601, 295, 8, 0, 125, 36, 134, 1
610157, SAWYER, Network 8, District, Traditional, GAGE PARK, 1016, 18, 1, 6, 985, 4, 2, 0
610158, SAYRE, Network 3, District, Traditional, AUSTIN, 430, 32, 161, 0, 221, 14, 1, 1
610159, SCAMMON, Network 1, District, Traditional, IRVING PARK, 637, 39, 19, 1, 564, 5, 9, 0
610178, SCHMID, Network 12, District, Traditional, PULLMAN, 172, 1, 164, 0, 7, 0, 0, 0
610165, SCHUBERT, Network 3, District, Traditional, BELMONT CRAGIN, 542, 14, 12, 2, 512, 2, 0, 0
609729, SCHURZ HS, Network 14, District, Traditional, IRVING PARK, 1287, 50, 113, 9, 1075, 10, 27, 2
609730, SENN HS, Network 14, District, Traditional, EDGEWATER, 1528, 268, 394, 11, 617, 38, 195, 2
610167, SEWARD, Network 8, District, Traditional, NEW CITY, 452, 4, 8, 3, 436, 1, 0, 0
610081, SHERIDAN, ISP, District, Traditional, BRIDGEPORT, 532, 49, 76, 1, 104, 20, 282, 0
610172, SHERMAN, Network 8, District, Traditional, NEW CITY, 232, 0, 189, 0, 42, 1, 0, 0
610173, SHERWOOD, ISP, District, Traditional, ENGLEWOOD, 205, 0, 198, 0, 5, 2, 0, 0
610174, SHIELDS, Network 8, District, Traditional, BRIGHTON PARK, 446, 6, 4, 0, 434, 0, 0, 0
610559, SHIELDS MIDDLE, ISP, District, Traditional, BRIGHTON PARK, 439, 1, 6, 0, 432, 0, 0, 0
610175, SHOESMITH, Network 9, District, Traditional, KENWOOD, 314, 5, 283, 0, 18, 5, 2, 0
610176, SHOOP, Network 13, District, Traditional, MORGAN PARK, 385, 0, 369, 2, 9, 5, 0, 0
609692, SIMEON HS, Network 17, District, Traditional, CHATHAM, 1157, 0, 1138, 1, 10, 8, 0, 0
609750, SIMPSON HS, Network 15, District, Options, NEAR WEST SIDE, 22, 0, 13, 0, 8, 1, 0, 0
610177, SKINNER, Network 6, District, Traditional, NEAR WEST SIDE, 984, 250, 235, 13, 122, 56, 302, 6
610534, SKINNER NORTH, Network 4, District, Traditional, NEAR NORTH SIDE, 492, 133, 24, 4, 39, 53, 238, 1
609978, SMITH, Network 13, District, Traditional, PULLMAN, 311, 1, 299, 1, 8, 2, 0, 0
610179, SMYSER, Network 1, District, Traditional, PORTAGE PARK, 746, 181, 20, 5, 488, 4, 41, 1
610180, SMYTH, Network 6, District, Traditional, NEAR WEST SIDE, 384, 2, 364, 0, 15, 3, 0, 0
610383, SOCIAL JUSTICE HS, Network 15, District, Traditional, SOUTH LAWNDALE, 287, 1, 36, 0, 249, 0, 1, 0
610182, SOLOMON, Network 1, District, Traditional, NORTH PARK, 343, 139, 21, 1, 63, 7, 112, 0
610543, SOLORIO HS, AUSL, District, Traditional, GAGE PARK, 1226, 11, 13, 3, 1191, 3, 5, 0
610589, SOR JUANA, Network 8, District, Traditional, WEST ELSDON, 395, 22, 12, 1, 356, 0, 2, 0
609990, SOUTH LOOP, ISP, District, Traditional, NEAR SOUTH SIDE, 795, 237, 302, 6, 88, 61, 100, 1
610530, SOUTH SHORE ES, Network 12, District, Traditional, SOUTH SHORE, 253, 0, 239, 1, 9, 2, 0, 0
610547, SOUTH SHORE INTL HS, Network 17, District, Traditional, SOUTH SHORE, 512, 0, 490, 1, 16, 1, 1, 0
609745, SOUTHSIDE HS, ISP, District, Specialty, WEST ENGLEWOOD, 361, 13, 220, 0, 127, 1, 0, 0
610183, SPENCER, Network 3, District, Traditional, AUSTIN, 384, 4, 359, 0, 14, 0, 0, 0
610184, SPRY ES, Network 7, District, Traditional, SOUTH LAWNDALE, 292, 3, 7, 0, 280, 0, 1, 0
610357, SPRY HS, Network 16, District, Traditional, SOUTH LAWNDALE, 73, 0, 0, 1, 72, 0, 0, 0
610339, STAGG, Network 11, District, Traditional, ENGLEWOOD, 386, 0, 359, 1, 21, 1, 4, 0
609732, STEINMETZ HS, Network 14, District, Traditional, BELMONT CRAGIN, 1130, 62, 192, 5, 854, 1, 12, 4
610548, STEM, ISP, District, Traditional, NEAR WEST SIDE, 400, 27, 142, 1, 83, 14, 131, 1
610185, STEVENSON, Network 10, District, Traditional, ASHBURN, 1116, 32, 59, 3, 1008, 7, 6, 1
610163, STOCK, Network 1, District, Early Childhood, EDISON PARK, 236, 145, 2, 0, 61, 7, 17, 0
610191, STONE, Network 2, District, Traditional, WEST RIDGE, 555, 133, 136, 3, 68, 29, 185, 1
610192, STOWE, Network 5, District, Traditional, HUMBOLDT PARK, 555, 10, 51, 1, 486, 4, 3, 0
610405, SUDER, Network 6, District, Traditional, NEAR WEST SIDE, 450, 85, 231, 1, 88, 25, 16, 4
609733, SULLIVAN HS, Network 14, District, Traditional, ROGERS PARK, 661, 77, 218, 2, 248, 15, 62, 0
610194, SUMNER, Network 5, District, Traditional, WEST GARFIELD PARK, 203, 1, 201, 0, 1, 0, 0, 0
610195, SUTHERLAND, Network 10, District, Traditional, BEVERLY, 575, 179, 300, 2, 68, 24, 2, 0
610196, SWIFT, Network 2, District, Traditional, EDGEWATER, 543, 86, 135, 3, 157, 16, 146, 0
609734, TAFT HS, Network 14, District, Traditional, NORWOOD PARK, 4344, 1831, 130, 14, 1894, 78, 297, 30
610197, TALCOTT, Network 6, District, Traditional, WEST TOWN, 437, 39, 28, 2, 357, 8, 3, 0
610249, TALMAN, ISP, District, Traditional, GAGE PARK, 343, 5, 5, 1, 330, 1, 1, 0
610279, TANNER, Network 12, District, Traditional, GREATER GRAND CROSSING, 300, 0, 289, 0, 10, 1, 0, 0
610396, TARKINGTON, AUSL, District, Traditional, CHICAGO LAWN, 868, 5, 168, 3, 685, 3, 4, 0
610198, TAYLOR, Network 13, District, Traditional, EAST SIDE, 339, 26, 29, 2, 282, 0, 0, 0
609921, TELPOCHCALLI, Network 7, District, Traditional, SOUTH LAWNDALE, 219, 13, 6, 0, 199, 1, 0, 0
610504, THOMAS, ISP, District, Early Childhood, MCKINLEY PARK, 129, 4, 6, 1, 102, 6, 10, 0
610200, THORP J, Network 12, District, Traditional, SOUTH CHICAGO, 275, 2, 221, 1, 50, 1, 0, 0
610201, THORP O, ISP, District, Traditional, DUNNING, 785, 241, 49, 2, 434, 27, 28, 3
609735, TILDEN HS, Network 16, District, Traditional, NEW CITY, 217, 20, 88, 0, 99, 2, 2, 1
610065, TILL, Network 9, District, Traditional, WOODLAWN, 307, 0, 288, 0, 17, 2, 0, 0
610202, TILTON, Network 5, District, Traditional, WEST GARFIELD PARK, 232, 2, 212, 0, 18, 0, 0, 0
610203, TONTI, Network 8, District, Traditional, GAGE PARK, 802, 7, 20, 6, 769, 0, 0, 0
609773, TUBMAN, Network 4, District, Traditional, LAKE VIEW, 295, 118, 58, 1, 82, 18, 18, 0
609895, TURNER-DREW, ISP, District, Traditional, ROSELAND, 199, 0, 194, 0, 4, 0, 0, 0
610206, TWAIN, Network 10, District, Traditional, GARFIELD RIDGE, 930, 81, 16, 0, 824, 1, 7, 1
610394, UPLIFT HS, Network 14, District, Traditional, UPTOWN, 107, 9, 61, 0, 27, 1, 9, 0
610207, VANDERPOEL, Network 10, District, Traditional, BEVERLY, 243, 0, 238, 0, 3, 2, 0, 0
609766, VAUGHN HS, Network 14, District, Specialty, PORTAGE PARK, 200, 37, 32, 0, 123, 1, 5, 1
609871, VICK, Network 10, District, Early Childhood, MORGAN PARK, 320, 120, 50, 0, 134, 11, 0, 0
610209, VOLTA, Network 1, District, Traditional, ALBANY PARK, 695, 45, 33, 1, 456, 6, 153, 0
610039, VON LINNE, Network 4, District, Traditional, AVONDALE, 619, 102, 23, 3, 453, 23, 8, 6
609737, VON STEUBEN HS, Network 14, District, Traditional, NORTH PARK, 1647, 270, 166, 8, 910, 24, 253, 16
610366, WACKER, ISP, District, Traditional, WASHINGTON HEIGHTS, 219, 0, 215, 0, 4, 0, 0, 0
610213, WADSWORTH, Network 9, District, Traditional, WOODLAWN, 466, 2, 440, 0, 15, 3, 0, 0
610216, WALSH, Network 7, District, Traditional, LOWER WEST SIDE, 238, 6, 46, 0, 167, 5, 14, 0
610217, WARD J, ISP, District, Traditional, ARMOUR SQUARE, 516, 27, 36, 1, 49, 3, 400, 0
610133, WARD L, Network 5, District, Traditional, HUMBOLDT PARK, 249, 0, 209, 0, 39, 0, 0, 1
610218, WARREN, Network 12, District, Traditional, CALUMET HEIGHTS, 242, 0, 240, 0, 2, 0, 0, 0
610219, WASHINGTON G ES, Network 13, District, Traditional, EAST SIDE, 638, 31, 29, 1, 572, 1, 4, 0
610124, WASHINGTON H ES, Network 12, District, Traditional, BURNSIDE, 248, 0, 235, 0, 10, 2, 0, 1
609739, WASHINGTON HS, Network 17, District, Traditional, EAST SIDE, 1496, 53, 107, 8, 1316, 8, 1, 2
610220, WATERS, Network 2, District, Traditional, LINCOLN SQUARE, 616, 363, 12, 1, 151, 56, 28, 1
610221, WEBSTER, Network 5, District, Traditional, WEST GARFIELD PARK, 213, 0, 210, 1, 1, 1, 0, 0
610110, WELLS ES, Network 9, District, Traditional, DOUGLAS, 287, 0, 244, 0, 6, 1, 0, 0
609740, WELLS HS, Network 15, District, Traditional, WEST TOWN, 313, 46, 147, 0, 113, 6, 1, 0
610223, WENTWORTH, Network 11, District, Traditional, WEST ENGLEWOOD, 403, 2, 369, 0, 32, 0, 0, 0
610100, WEST PARK, Network 5, District, Traditional, HUMBOLDT PARK, 459, 13, 73, 2, 370, 0, 1, 0
610542, WEST RIDGE, ISP, District, Traditional, WEST RIDGE, 610, 206, 74, 1, 130, 10, 189, 0
610300, WESTCOTT, Network 11, District, Traditional, CHATHAM, 415, 1, 401, 1, 12, 0, 0, 0
609693, WESTINGHOUSE HS, Network 15, District, Traditional, HUMBOLDT PARK, 1206, 29, 556, 4, 507, 18, 84, 5
610225, WHISTLER, Network 13, District, Traditional, WEST PULLMAN, 268, 1, 237, 0, 2, 4, 0, 0
610315, WHITE, Network 13, District, Traditional, WEST PULLMAN, 116, 0, 113, 0, 3, 0, 0, 0
610227, WHITNEY, Network 7, District, Traditional, SOUTH LAWNDALE, 595, 5, 1, 0, 589, 0, 0, 0
610228, WHITTIER, Network 7, District, Traditional, LOWER WEST SIDE, 165, 5, 3, 0, 157, 0, 0, 0
610230, WILDWOOD, Network 1, District, Traditional, FOREST GLEN, 467, 277, 20, 0, 95, 35, 40, 0
610380, WILLIAMS HS, Network 17, District, Traditional, GRAND BOULEVARD, 72, 0, 70, 0, 1, 1, 0, 0
609977, WOODLAWN, Network 9, District, Traditional, WOODLAWN, 181, 0, 181, 0, 0, 0, 0, 0
610345, WOODSON, Network 9, District, Traditional, GRAND BOULEVARD, 290, 0, 281, 0, 6, 2, 1, 0
610392, WORLD LANGUAGE HS, Network 15, District, Traditional, SOUTH LAWNDALE, 344, 2, 5, 0, 336, 0, 0, 0
610234, YATES, Network 5, District, Traditional, LOGAN SQUARE, 273, 13, 65, 1, 189, 3, 2, 0
609748, YORK HS, Network 16, District, Options, SOUTH LAWNDALE, 163, 0, 127, 0, 36, 0, 0, 0
610235, YOUNG ES, Network 3, District, Traditional, AUSTIN, 476, 1, 384, 0, 86, 0, 0, 5
609755, YOUNG HS, Network 15, District, Traditional, NEAR WEST SIDE, 2152, 541, 369, 7, 615, 82, 520, 18
609973, ZAPATA, Network 7, District, Traditional, SOUTH LAWNDALE, 514, 2, 0, 0, 512, 0, 0, 0
400153, ACERO - BRIGHTON PARK, Charter, Charter, Traditional, BRIGHTON PARK, 533, 1, 5, 0, 527, 0, 0, 0
400101, ACERO - CISNEROS, Charter, Charter, Traditional, BRIGHTON PARK, 417, 5, 1, 0, 411, 0, 0, 0
400120, ACERO - CLEMENTE, Charter, Charter, Traditional, BELMONT CRAGIN, 456, 1, 31, 0, 423, 1, 0, 0
400121, ACERO - DE LA CRUZ, Charter, Charter, Traditional, WEST RIDGE, 513, 9, 256, 2, 232, 11, 3, 0
400081, ACERO - DE LAS CASAS, Charter, Charter, Traditional, LOWER WEST SIDE, 244, 0, 3, 0, 240, 0, 1, 0
400082, ACERO - FUENTES, Charter, Charter, Traditional, AVONDALE, 402, 2, 5, 0, 394, 0, 0, 1
400085, ACERO - GARCIA HS, Charter, Charter, Traditional, ARCHER HEIGHTS, 646, 10, 8, 2, 624, 1, 1, 0
400112, ACERO - IDAR, Charter, Charter, Traditional, GAGE PARK, 521, 5, 2, 0, 514, 0, 0, 0
400089, ACERO - MARQUEZ, Charter, Charter, Traditional, BRIGHTON PARK, 526, 2, 3, 1, 520, 0, 0, 0
400083, ACERO - PAZ, Charter, Charter, Traditional, SOUTH LAWNDALE, 173, 2, 9, 0, 161, 1, 0, 0
400114, ACERO - SANTIAGO, Charter, Charter, Traditional, WEST TOWN, 221, 4, 11, 0, 204, 0, 1, 0
400149, ACERO - SOTO HS, Charter, Charter, Traditional, GAGE PARK, 562, 3, 3, 1, 555, 0, 0, 0
400084, ACERO - TAMAYO, Charter, Charter, Traditional, GAGE PARK, 270, 0, 2, 2, 266, 0, 0, 0
400080, ACERO - TORRES, Charter, Charter, Traditional, ARCHER HEIGHTS, 530, 2, 6, 0, 521, 1, 0, 0
400079, ACERO - ZIZUMBO, Charter, Charter, Traditional, ARCHER HEIGHTS, 552, 10, 2, 0, 535, 0, 3, 0
400060, AHS - PASSAGES, Charter, Charter, Traditional, EDGEWATER, 309, 20, 141, 0, 49, 19, 79, 1
400181, ART IN MOTION, Charter, Charter, Traditional, SOUTH SHORE, 559, 0, 522, 1, 21, 4, 0, 0
400172, ASPIRA - BUSINESS & FINANCE HS, Charter, Charter, Traditional, AVONDALE, 494, 7, 15, 3, 466, 1, 0, 1
400013, ASPIRA - EARLY COLLEGE HS, Charter, Charter, Traditional, AVONDALE, 262, 0, 9, 0, 253, 0, 0, 0
400017, ASPIRA - HAUGAN, Charter, Charter, Traditional, ALBANY PARK, 103, 1, 8, 0, 89, 1, 4, 0
400021, CATALYST - CIRCLE ROCK, Charter, Charter, Traditional, AUSTIN, 519, 0, 508, 1, 8, 1, 1, 0
400115, CATALYST - MARIA, Charter, Charter, Traditional, CHICAGO LAWN, 556, 12, 275, 0, 262, 4, 0, 0
400182, CATALYST - MARIA (HS), Charter, Charter, Traditional, CHICAGO LAWN, 552, 5, 194, 1, 350, 2, 0, 0
400161, CHICAGO COLLEGIATE, Charter, Charter, Traditional, WEST PULLMAN, 255, 1, 249, 1, 4, 0, 0, 0
400035, CHICAGO MATH & SCIENCE HS, Charter, Charter, Traditional, ROGERS PARK, 601, 45, 245, 2, 233, 11, 64, 1
400159, CHRISTOPHER HOUSE, Charter, Charter, Traditional, BELMONT CRAGIN, 450, 5, 10, 1, 431, 0, 0, 1
400023, CICS - AVALON/SOUTH SHORE, Charter, Charter, Traditional, AVALON PARK, 457, 0, 449, 0, 6, 1, 1, 0
400024, CICS - BASIL, Charter, Charter, Traditional, NEW CITY, 479, 3, 355, 1, 102, 1, 0, 0
400092, CICS - BOND, Charter, Charter, Traditional, RIVERDALE, 253, 0, 238, 0, 4, 0, 0, 0
400025, CICS - BUCKTOWN, Charter, Charter, Traditional, LOGAN SQUARE, 630, 16, 121, 4, 476, 11, 1, 0
400032, CICS - ELLISON HS, Charter, Charter, Traditional, AUBURN GRESHAM, 205, 0, 196, 0, 7, 1, 0, 0
400027, CICS - IRVING PARK, Charter, Charter, Traditional, IRVING PARK, 532, 61, 33, 3, 398, 11, 23, 3
400033, CICS - LONGWOOD, Charter, Charter, Traditional, WASHINGTON HEIGHTS, 1240, 0, 1223, 3, 7, 5, 0, 0
400026, CICS - LOOMIS, Charter, Charter, Traditional, WASHINGTON HEIGHTS, 356, 0, 346, 0, 2, 2, 0, 0
400034, CICS - NORTHTOWN HS, Charter, Charter, Traditional, NORTH PARK, 882, 139, 60, 3, 543, 6, 124, 7
400028, CICS - PRAIRIE, Charter, Charter, Traditional, WEST PULLMAN, 399, 2, 262, 1, 134, 0, 0, 0
400029, CICS - WASHINGTON PARK, Charter, Charter, Traditional, WASHINGTON PARK, 495, 0, 476, 1, 8, 1, 0, 0
400030, CICS - WEST BELDEN, Charter, Charter, Traditional, BELMONT CRAGIN, 548, 4, 41, 0, 498, 4, 1, 0
400031, CICS - WRIGHTWOOD, Charter, Charter, Traditional, ASHBURN, 643, 5, 581, 4, 19, 2, 0, 0
400094, EPIC HS, Charter, Charter, Traditional, SOUTH CHICAGO, 330, 2, 186, 1, 130, 1, 0, 0
400039, ERIE, Charter, Charter, Traditional, WEST TOWN, 380, 9, 61, 0, 302, 8, 0, 0
400009, GLOBAL CITIZENSHIP, Charter, Charter, Traditional, GARFIELD RIDGE, 462, 15, 7, 2, 431, 1, 0, 2
400168, GREAT LAKES, Charter, Charter, Traditional, SOUTH CHICAGO, 526, 0, 474, 1, 49, 2, 0, 0
400167, HORIZON - SOUTHWEST, Charter, Charter, Traditional, GAGE PARK, 739, 11, 204, 0, 523, 1, 0, 0
400104, INSTITUTO - HEALTH, Charter, Charter, Traditional, LOWER WEST SIDE, 631, 5, 23, 2, 600, 0, 0, 1
400164, INSTITUTO - JUSTICE HS, Options, Charter, Options, LOWER WEST SIDE, 92, 1, 1, 1, 89, 0, 0, 0
400162, INTRINSIC HS, Charter, Charter, Traditional, IRVING PARK, 990, 33, 34, 1, 917, 3, 2, 0
400146, KIPP - ACADEMY, Charter, Charter, Traditional, AUSTIN, 619, 2, 561, 1, 18, 2, 0, 1
400044, KIPP - ASCEND, Charter, Charter, Traditional, NORTH LAWNDALE, 944, 2, 886, 2, 49, 5, 0, 0
400163, KIPP - BLOOM, Charter, Charter, Traditional, ENGLEWOOD, 865, 2, 809, 4, 25, 4, 0, 0
400180, KIPP - ONE, Charter, Charter, Traditional, HUMBOLDT PARK, 1003, 4, 628, 1, 367, 2, 0, 1
400151, LEARN - 7, Charter, Charter, Traditional, EAST GARFIELD PARK, 179, 0, 170, 1, 6, 2, 0, 0
400046, LEARN - BUTLER, Charter, Charter, Traditional, NORTH LAWNDALE, 515, 0, 486, 0, 9, 0, 0, 0
400047, LEARN - CAMPBELL, Charter, Charter, Traditional, EAST GARFIELD PARK, 369, 0, 359, 0, 9, 1, 0, 0
400048, LEARN - EXCEL, Charter, Charter, Traditional, EAST GARFIELD PARK, 376, 0, 353, 0, 12, 2, 0, 0
400165, LEARN - MIDDLE, Charter, Charter, Traditional, EAST GARFIELD PARK, 282, 0, 270, 0, 12, 0, 0, 0
400111, LEARN - PERKINS, Charter, Charter, Traditional, AUBURN GRESHAM, 476, 1, 466, 0, 7, 1, 0, 0
400107, LEARN - SOUTH CHICAGO, Charter, Charter, Traditional, SOUTH CHICAGO, 416, 1, 372, 1, 38, 0, 0, 1
400049, LEGACY, Charter, Charter, Traditional, NORTH LAWNDALE, 455, 3, 426, 1, 22, 2, 1, 0
400119, LEGAL PREP HS, Charter, Charter, Traditional, WEST GARFIELD PARK, 262, 0, 255, 0, 6, 1, 0, 0
400011, LOCKE A, Charter, Charter, Traditional, EAST GARFIELD PARK, 323, 0, 318, 0, 4, 0, 0, 0
400116, MONTESSORI ENGLEWOOD, Charter, Charter, Traditional, WEST ENGLEWOOD, 330, 4, 275, 0, 50, 1, 0, 0
400178, MOVING EVEREST, Charter, Charter, Traditional, AUSTIN, 781, 0, 744, 0, 33, 1, 0, 0
400050, NAMASTE, Charter, Charter, Traditional, MCKINLEY PARK, 422, 23, 14, 0, 376, 7, 2, 0
400058, NLCP - CHRISTIANA HS, Charter, Charter, Traditional, NORTH LAWNDALE, 323, 0, 318, 0, 4, 1, 0, 0
400059, NLCP - COLLINS HS, Charter, Charter, Traditional, NORTH LAWNDALE, 432, 1, 419, 1, 8, 0, 0, 0
400170, NOBLE - ACADEMY HS, Charter, Charter, Traditional, NEAR NORTH SIDE, 593, 7, 252, 1, 302, 9, 19, 0
400157, NOBLE - BAKER HS, Charter, Charter, Traditional, SOUTH CHICAGO, 273, 0, 222, 0, 45, 3, 1, 0
400097, NOBLE - BULLS HS, Charter, Charter, Traditional, NEAR WEST SIDE, 1178, 8, 469, 5, 691, 3, 2, 0
400156, NOBLE - BUTLER HS, Charter, Charter, Traditional, PULLMAN, 652, 1, 607, 0, 42, 2, 0, 0
400052, NOBLE - COMER, Charter, Charter, Traditional, GREATER GRAND CROSSING, 1040, 1, 999, 1, 23, 14, 0, 0
400118, NOBLE - DRW HS, Charter, Charter, Traditional, NORTH LAWNDALE, 353, 1, 345, 1, 6, 0, 0, 0
400053, NOBLE - GOLDER HS, Charter, Charter, Traditional, WEST TOWN, 638, 12, 143, 2, 473, 4, 2, 1
400117, NOBLE - HANSBERRY HS, Charter, Charter, Traditional, AUBURN GRESHAM, 500, 2, 486, 0, 6, 5, 0, 0
400169, NOBLE - ITW SPEER HS, Charter, Charter, Traditional, BELMONT CRAGIN, 1111, 10, 114, 2, 980, 0, 4, 0
400106, NOBLE - JOHNSON HS, Charter, Charter, Traditional, ENGLEWOOD, 476, 1, 450, 0, 21, 1, 0, 1
400179, NOBLE - MANSUETO HS, Charter, Charter, Traditional, BRIGHTON PARK, 1045, 7, 12, 0, 1023, 0, 3, 0
400098, NOBLE - MUCHIN HS, Charter, Charter, Traditional, LOOP, 861, 8, 307, 3, 498, 1, 42, 1
400051, NOBLE - NOBLE HS, Charter, Charter, Traditional, WEST TOWN, 662, 9, 100, 1, 532, 6, 12, 0
400054, NOBLE - PRITZKER HS, Charter, Charter, Traditional, HERMOSA, 969, 11, 46, 2, 903, 2, 5, 0
400055, NOBLE - RAUNER HS, Charter, Charter, Traditional, WEST TOWN, 666, 21, 144, 3, 494, 3, 1, 0
400056, NOBLE - ROWE CLARK HS, Charter, Charter, Traditional, HUMBOLDT PARK, 397, 0, 336, 0, 58, 3, 0, 0
400057, NOBLE - UIC HS, Charter, Charter, Traditional, NEAR WEST SIDE, 903, 12, 332, 0, 522, 1, 30, 1
400064, PERSPECTIVES - JOSLIN HS, Charter, Charter, Traditional, NEAR SOUTH SIDE, 380, 2, 360, 1, 10, 2, 4, 0
400061, PERSPECTIVES - LEADERSHIP HS, Charter, Charter, Traditional, CHATHAM, 707, 3, 696, 0, 5, 2, 1, 0
400066, PERSPECTIVES - MATH & SCI HS, Charter, Charter, Traditional, DOUGLAS, 413, 2, 397, 1, 7, 0, 1, 0
400062, PERSPECTIVES - TECH HS, Charter, Charter, Traditional, CHATHAM, 361, 0, 353, 0, 5, 1, 1, 0
400069, POLARIS, Charter, Charter, Traditional, HUMBOLDT PARK, 381, 2, 346, 0, 31, 1, 0, 0
400071, PROVIDENCE ENGLEWOOD, Charter, Charter, Traditional, WEST ENGLEWOOD, 429, 2, 413, 0, 11, 0, 0, 1
400096, ROWE, Charter, Charter, Traditional, WEST TOWN, 758, 11, 174, 1, 531, 4, 0, 0
400075, U OF C - DONOGHUE, Charter, Charter, Traditional, OAKLAND, 452, 1, 436, 2, 12, 1, 0, 0
400076, U OF C - NKO, Charter, Charter, Traditional, KENWOOD, 298, 6, 284, 1, 4, 3, 0, 0
400077, U OF C - WOODLAWN HS, Charter, Charter, Traditional, WOODLAWN, 578, 0, 571, 0, 6, 0, 0, 0
400105, URBAN PREP - BRONZEVILLE HS, Charter, Charter, Traditional, DOUGLAS, 222, 0, 217, 0, 3, 2, 0, 0
400086, URBAN PREP - ENGLEWOOD HS, Charter, Charter, Traditional, ENGLEWOOD, 161, 2, 155, 0, 2, 0, 0, 0
400125, YCCS - ASPIRA PANTOJA, Options, Charter, Options, AVONDALE, 192, 6, 17, 0, 169, 0, 0, 0
400126, YCCS - ASSOCIATION HOUSE, Options, Charter, Options, HUMBOLDT PARK, 83, 2, 27, 1, 47, 1, 0, 2
400131, YCCS - CAMPOS, Options, Charter, Options, WEST TOWN, 115, 2, 30, 0, 81, 1, 0, 0
400128, YCCS - CCA ACADEMY, Options, Charter, Options, NORTH LAWNDALE, 119, 1, 113, 0, 3, 2, 0, 0
400150, YCCS - CHATHAM, Options, Charter, Options, CHATHAM, 124, 0, 119, 0, 5, 0, 0, 0
400133, YCCS - INNOVATIONS, Options, Charter, Options, LOOP, 509, 8, 466, 0, 32, 2, 0, 0
400135, YCCS - LATINO YOUTH, Options, Charter, Options, SOUTH LAWNDALE, 157, 2, 5, 0, 148, 0, 1, 0
400124, YCCS - MCKINLEY, Options, Charter, Options, DOUGLAS, 89, 0, 84, 0, 5, 0, 0, 0
400136, YCCS - OLIVE HARVEY, Options, Charter, Options, PULLMAN, 111, 1, 80, 0, 26, 1, 0, 0
400129, YCCS - PROGRESSIVE LEADERSHIP, Options, Charter, Options, GREATER GRAND CROSSING, 142, 0, 138, 0, 4, 0, 0, 0
400123, YCCS - SCHOLASTIC ACHIEVEMENT, Options, Charter, Options, AUSTIN, 129, 1, 119, 0, 8, 1, 0, 0
400139, YCCS - SULLIVAN, Options, Charter, Options, AVALON PARK, 301, 1, 276, 0, 21, 3, 0, 0
400141, YCCS - TRUMAN, Options, Charter, Options, UPTOWN, 178, 9, 43, 4, 101, 4, 16, 0
400144, YCCS - WEST, Options, Charter, Options, AUSTIN, 78, 0, 65, 0, 12, 1, 0, 0
400143, YCCS - WEST TOWN, Options, Charter, Options, HUMBOLDT PARK, 96, 1, 66, 1, 23, 0, 1, 0
400145, YCCS - YOUTH CONNECTION, Options, Charter, Options, LOWER WEST SIDE, 116, 2, 95, 1, 17, 0, 0, 0
400130, YCCS - YOUTH DEVELOPMENT, Options, Charter, Options, AUBURN GRESHAM, 86, 0, 82, 0, 3, 1, 0, 0
400022, CHIARTS HS, Contract, Contract, Traditional, WEST TOWN, 599, 98, 202, 3, 235, 11, 7, 2
400147, CHICAGO EXCEL HS, Options, Contract, Options, MORGAN PARK, 225, 1, 217, 0, 6, 1, 0, 0
400091, CHICAGO TECH HS, Contract, Contract, Traditional, NEAR WEST SIDE, 424, 4, 355, 0, 59, 3, 0, 2
610565, EXCEL ENGLEWOOD HS, Options, Contract, Options, ENGLEWOOD, 212, 1, 204, 1, 6, 0, 0, 0
400175, EXCEL SOUTH SHORE HS, Options, Contract, Options, SOUTH SHORE, 222, 4, 165, 0, 49, 3, 0, 0
400176, EXCEL SOUTHWEST HS, Options, Contract, Options, CHICAGO LAWN, 125, 2, 89, 0, 32, 0, 0, 2
400043, HOPE LEARNING ACADEMY, Contract, Contract, Traditional, NEAR WEST SIDE, 241, 1, 224, 0, 15, 1, 0, 0
400137, LITTLE BLACK PEARL HS, Options, Contract, Options, KENWOOD, 83, 0, 79, 0, 3, 0, 0, 0
400068, PLATO, Contract, Contract, Traditional, AUSTIN, 175, 0, 173, 0, 2, 0, 0, 0
610572, SAFE ACHIEVE ES, Options, Safe, Options, SOUTH SHORE, 2, 0, 2, 0, 0, 0, 0, 0
610573, SAFE ACHIEVE HS, Options, Safe, Options, SOUTH SHORE, 34, 0, 32, 0, 2, 0, 0, 0
610569, OMBUDSMAN - NORTHWEST HS, Options, ALOP, Options, EDISON PARK, 133, 22, 16, 2, 74, 2, 16, 1
610593, OMBUDSMAN - ROSELAND HS, Options, ALOP, Options, MORGAN PARK, 140, 0, 132, 0, 7, 1, 0, 0
610570, OMBUDSMAN - SOUTH HS, Options, ALOP, Options, CHICAGO LAWN, 231, 2, 100, 1, 128, 0, 0, 0
610571, OMBUDSMAN - WEST HS, Options, ALOP, Options, NEAR WEST SIDE, 116, 1, 94, 0, 19, 1, 1, 0
610557, PATHWAYS - ASHBURN HS, Options, ALOP, Options, ASHBURN, 259, 19, 92, 0, 146, 1, 0, 0
610568, PATHWAYS - AVONDALE HS, Options, ALOP, Options, AVONDALE, 305, 25, 36, 0, 234, 5, 5, 0
400173, PATHWAYS - BRIGHTON PARK HS, Options, ALOP, Options, BRIGHTON PARK, 418, 9, 18, 4, 385, 0, 2, 0
610594, PATHWAYS - HUMBOLDT PARK HS, Options, ALOP, Options, WEST TOWN, 150, 6, 53, 0, 90, 0, 1, 0
